first_name,last_name,gender,email,date_of_birth
Romonda,Commings,Female,rcommings0@imgur.com,2020-10-25
Bernhard,Hamerton,Male,bhamerton1@barnesandnoble.com,2022-06-08
Menard,Rodder,Male,mrodder2@arstechnica.com,2026-07-03
Sheila,Paulat,Female,spaulat3@google.pl,2019-11-24
Trey,Chilcotte,Male,tchilcotte4@wired.com,2024-01-27
Trent,Segot,Male,tsegot5@acquirethisname.com,2025-06-22
Zorana,Avesque,Female,zavesque6@un.org,2023-03-31
Nathalia,Mackison,Female,nmackison7@istockphoto.com,2023-09-16
Ambros,McMorran,Male,amcmorran8@chron.com,2020-03-27
Shanan,Sor,Male,ssor9@uol.com.br,2024-07-14
Noak,Pachta,Male,npachtaa@yale.edu,2023-09-23
Vidovic,MacPaden,Male,vmacpadenb@friendfeed.com,2019-11-06
Averyl,Havoc,Female,ahavocc@wp.com,2024-11-29
Hal,Brea,Male,hbread@deviantart.com,2026-04-03
Flo,Faustin,Female,ffaustine@google.ru,2022-12-10
Moe,Rodolphe,Male,mrodolphef@google.fr,2020-12-14
Frankie,Pavlishchev,Male,fpavlishchevg@comcast.net,2023-09-09
Adelbert,Baton,Male,abatonh@ed.gov,2023-11-27
Rodrick,Ackery,Male,rackeryi@shareasale.com,2025-08-06
Granny,Divisek,Male,gdivisekj@homestead.com,2022-08-18
Pietro,Vernon,Male,pvernonk@wikimedia.org,2026-02-26
Fabio,Mewrcik,Male,fmewrcikl@tiny.cc,2023-01-30
Christen,Brokenshaw,Female,cbrokenshawm@blogtalkradio.com,2024-08-24
Clarissa,Ellington,Female,cellingtonn@devhub.com,2023-01-31
Kelcie,Aireton,Male,kairetono@dropbox.com,2022-05-26
Miran,Gubbin,Female,mgubbinp@tripadvisor.com,2021-03-23
Keri,Brimilcombe,Female,kbrimilcombeq@icq.com,2020-09-30
Neel,Rushmere,Male,nrushmerer@wordpress.com,2025-07-10
Roddy,Rhymer,Male,rrhymers@oracle.com,2022-02-23
Caryl,Brixey,Female,cbrixeyt@163.com,2020-05-23
Wit,Dowdell,Male,wdowdellu@dyndns.org,2023-04-07
Montgomery,Eyes,Male,meyesv@forbes.com,2021-02-25
Merilyn,Lowle,Female,mlowlew@github.io,2025-08-17
Codee,Guerrier,Female,cguerrierx@discovery.com,2025-10-08
Faith,Elcombe,Female,felcombey@oakley.com,2024-05-24
Antoine,Wiseman,Male,awisemanz@nbcnews.com,2023-07-07
Dewey,Neillans,Male,dneillans10@gov.uk,2021-09-07
Wilhelm,Lowrance,Male,wlowrance11@fc2.com,2023-09-20
Noelyn,Emig,Female,nemig12@e-recht24.de,2024-04-29
Cordey,Beswick,Female,cbeswick13@wordpress.com,2020-11-30
Shaun,Pittway,Male,spittway14@ask.com,2024-01-20
Dun,MacLucais,Male,dmaclucais15@eventbrite.com,2022-11-21
Ody,Celloni,Male,ocelloni16@washington.edu,2022-06-13
Dena,Towll,Female,dtowll17@imgur.com,2025-10-07
Gerome,Benini,Male,gbenini18@bbb.org,2024-01-27
Markos,Guyonnet,Male,mguyonnet19@vinaora.com,2020-03-18
Udell,Bambridge,Male,ubambridge1a@dedecms.com,2021-01-21
Janeczka,Grocock,Female,jgrocock1b@accuweather.com,2022-06-17
Trudie,Treadger,Female,ttreadger1c@joomla.org,2020-04-17
Niven,Lanaway,Male,nlanaway1d@jigsy.com,2021-07-22
